{
  "position_xrp": 0.6356317890715166,
  "position_cost_thb": 44.4422703192397,
  "realized_pnl_thb": 0.2811262697646981
}